"abc@123.com	Hilal 12	13-Jun-00	Male	Y	Self	""My son is Engineer", Hafiz-e-Quran," settled in dubai and looking for educated bride for him""	""5.11""""""	Divorced	Arain	Fair	Graduation	Engineer	20000	Islam	Pakistan	Federal (Capital)	Ahmedpur "
"asdsa@123.com	Bilal 23	13-Jun-00	Male	Y	Self	""My son is Engineer", Hafiz-e-Quran," settled in dubai and looking for educated bride for him""	""5.11""""""	Divorced	Arain	Fair	Graduation	Engineer	20000	Islam	Pakistan	Federal (Capital)	Ahmedpur "
"221e3@sada.com	Sallal 24	13-Jun-00	Male	Y	Self	""My son is Engineer", Hafiz-e-Quran," settled in dubai and looking for educated bride for him""	""5.11""""""	Divorced	Arain	Fair	Graduation	Engineer	20000	Islam	Pakistan	Federal (Capital)	Ahmedpur "
"asdas@gmail.com	Aqo 34	13-Jun-00	Male	Y	Self	""My son is Engineer", Hafiz-e-Quran," settled in dubai and looking for educated bride for him""	""5.11""""""	Divorced	Arain	Fair	Graduation	Engineer	20000	Islam	Pakistan	Federal (Capital)	Ahmedpur "
"dsa@asda.com	Hilal 12	13-Jun-00	Male	Y	Self	""My son is Engineer", Hafiz-e-Quran," settled in dubai and looking for educated bride for him""	""5.11""""""	Divorced	Arain	Fair	Graduation	Engineer	20000	Islam	Pakistan	Federal (Capital)	Ahmedpur "
"dassa@dasd.com	Bilal 23	13-Jun-00	Male	Y	Self	""My son is Engineer", Hafiz-e-Quran," settled in dubai and looking for educated bride for him""	""5.11""""""	Divorced	Arain	Fair	Graduation	Engineer	20000	Islam	Pakistan	Federal (Capital)	Ahmedpur "
"dsaasd@sad.com	Hilal 12	13-Jun-00	Male	Y	Self	""My son is Engineer", Hafiz-e-Quran," settled in dubai and looking for educated bride for him""	""5.11""""""	Divorced	Arain	Fair	Graduation	Engineer	20000	Islam	Pakistan	Federal (Capital)	Ahmedpur "
"21asd@gmas.com	Bilal 23	13-Jun-00	Male	Y	Self	""My son is Engineer", Hafiz-e-Quran," settled in dubai and looking for educated bride for him""	""5.11""""""	Divorced	Arain	Fair	Graduation	Engineer	20000	Islam	Pakistan	Federal (Capital)	Ahmedpur "
"asd	Sallal 24	13-Jun-00	Male	Y	Self	""My son is Engineer", Hafiz-e-Quran," settled in dubai and looking for educated bride for him""	""5.11""""""	Divorced	Arain	Fair	Graduation	Engineer	20000	Islam	Pakistan	Federal (Capital)	Ahmedpur "
"asdsa@123.com	Aqo 34	13-Jun-00	Male	Y	Self	""My son is Engineer", Hafiz-e-Quran," settled in dubai and looking for educated bride for him""	""5.11""""""	Divorced	Arain	Fair	Graduation	Engineer	20000	Islam	Pakistan	Federal (Capital)	Ahmedpur "
